{"_timestamp":1.7595986409672847e+09,"best_epoch":26,"_step":70,"loss":39.878143310546875,"_runtime":2687,"_wandb":{"runtime":2687},"val_loss":42.170623779296875,"best_val_loss":35.38975143432617,"epoch":38}