{"loss":0.0029510725289583206,"_runtime":1304,"epoch":12,"best_val_loss":0.002851661527529359,"val_loss":0.0028660804964601994,"best_epoch":7,"_step":12,"_timestamp":1.7595762080672524e+09,"_wandb":{"runtime":1304}}