{"loss":61.56221389770508,"epoch":7,"_timestamp":1.759599413249954e+09,"best_epoch":2,"_wandb":{"runtime":3052},"val_loss":63.782142639160156,"best_val_loss":63.19198226928711,"_runtime":3052,"_step":7}