{"val_loss":8.91930321813561e-05,"_step":31,"loss":0.00864680390805006,"best_val_loss":5.439833694254048e-05,"_wandb":{"runtime":132},"epoch":31,"_runtime":132,"_timestamp":1.7595776143118546e+09,"best_epoch":26}