{"_step":49,"_timestamp":1.759594543993362e+09,"_wandb":{"runtime":1234},"best_val_loss":0.03546967729926109,"epoch":49,"val_loss":0.03546967729926109,"loss":0.034952275454998016,"best_epoch":49,"_runtime":1234}