{"_step":24,"_runtime":578,"best_epoch":19,"_wandb":{"runtime":578},"epoch":24,"val_loss":42.63352966308594,"best_val_loss":41.59310531616211,"_timestamp":1.7595989132774885e+09,"loss":42.18328857421875}