{"epoch":49,"val_loss":0.0050356718711555,"_runtime":776,"best_epoch":49,"_timestamp":1.7595714560673833e+09,"_wandb":{"runtime":776},"loss":0.005738121457397938,"_step":49,"best_val_loss":0.0050356718711555}