{"best_val_loss":0.02384740673005581,"_wandb":{"runtime":1157},"_timestamp":1.7595910475267947e+09,"_step":39,"best_epoch":34,"epoch":39,"val_loss":0.023927370086312294,"loss":0.03958051651716232,"_runtime":1157}