{"_runtime":2001,"val_loss":0.005672737956047058,"_step":49,"best_epoch":17,"best_val_loss":0.0051234629936516285,"_wandb":{"runtime":2001},"_timestamp":1.7595726168637903e+09,"loss":0.00564939109608531,"epoch":49}