{"best_val_loss":0.008601904846727848,"epoch":6,"val_loss":0.010911950841546059,"_step":6,"best_epoch":1,"_timestamp":1.7595817488161905e+09,"loss":0.01144700963050127,"_wandb":{"runtime":5216},"_runtime":5216}