{"best_val_loss":0.012574013322591782,"_timestamp":1.759590841066732e+09,"best_epoch":46,"_wandb":{"runtime":188},"_step":49,"loss":0.022102434188127518,"epoch":49,"val_loss":0.012685692869126797,"_runtime":188}