{"val_loss":0.009917882271111012,"_timestamp":1.7595906007377708e+09,"loss":0.011967548169195652,"best_epoch":3,"_runtime":77,"_step":8,"best_val_loss":0.009203939698636532,"_wandb":{"runtime":77},"epoch":8}