{"val_loss":0.03255860507488251,"_wandb":{"runtime":1527},"loss":0.03260069340467453,"_runtime":1527,"best_epoch":16,"epoch":21,"_timestamp":1.7595924136157281e+09,"best_val_loss":0.032542843371629715,"_step":21}